Anger,Sad,Fear,Joy,Analy,Confi,Tenta
453.02426699999984,341.10089999999946,0,2.729591,406.4432399999996,74.34754699999993,253.1845580000002
