Anger,Sad,Fear,Joy,Analy,Confi,Tenta
895.2817589999996,877.5414539999998,0,21.394970999999995,735.4255849999992,116.45836000000001,537.9272290000001
