Anger,Sad,Fear,Joy,Analy,Confi,Tenta
615.4193779999996,613.9404420000012,0,39.67426300000001,414.62095299999976,63.91906700000002,399.5353750000001
