Anger,Sad,Fear,Joy,Analy,Confi,Tenta
935.5666299999996,912.757054,0,33.67118900000001,911.4286220000004,195.44311100000007,649.3218660000002
